sample,rep_number,0.01,0.1,0.3,1,3,10,30,100,300,1000,3000,10000
Vector,1,0.960211,0.879586,0.856943,0.983704,0.927442,0.814594,0.788706,0.468357,0.324913,0.203037,0.088308,0.0466
Vector,2,1.003892,0.929148,0.792103,1.011507,0.875321,0.789053,0.826067,0.450018,0.299859,0.189612,0.084616,0.056361
Vector,3,1.049995,0.908786,0.752654,1.027435,0.874286,0.763561,0.794305,0.484424,0.304529,0.197963,0.078338,0.04861
Vector,4,0.985902,0.914479,0.663807,0.91044,0.867605,0.652153,0.759513,0.452343,0.284128,0.169383,0.075019,0.050616
V600E,1,0.934152,0.997225,1.107181,0.915213,0.986713,1.002762,0.921243,1.068968,1.045797,0.940744,0.935835,0.593095
V600E,2,1.038752,1.088977,1.162537,0.995022,0.934152,1.02002,1.019724,1.103138,1.069868,0.971662,0.964962,0.629848
V600E,3,0.968213,1.069818,1.075024,0.984907,1.0147,1.088474,1.042124,1.025347,1.116041,0.977353,0.932758,0.593051
V600E,4,1.058883,1.121368,1.092952,0.964137,1.148844,1.047188,0.97351,1.032068,1.068418,0.971759,0.912059,0.608508
MEK2_C125S,1,0.934604,0.969031,0.927291,1.051512,0.975925,0.939139,1.000996,1.098418,0.998157,0.854363,0.572569,0.335063
MEK2_C125S,2,1.084064,1.019201,0.867689,1.086557,0.969383,0.89227,1.082196,1.007088,0.944578,0.905437,0.537409,0.307778
MEK2_C125S,3,1.004701,0.959591,0.861239,1.008714,0.991574,0.886318,1.089934,1.038778,0.88912,0.872239,0.525306,0.307478
MEK2_C125S,4,0.976631,0.987327,0.799952,0.945577,0.947326,0.834731,1.000236,0.963454,0.852171,0.875521,0.513016,0.291062
p61,1,0.989087,1.055461,0.891169,0.995078,0.947686,0.910897,0.948477,0.909287,0.850393,1.077664,1.071374,0.792799
p61,2,1.054739,0.982025,0.889569,1.126806,0.994228,0.854236,1.019582,0.986919,0.921036,1.111892,0.953975,0.73252
p61,3,0.993001,0.948943,0.893732,1.039051,0.972023,0.880985,1.011552,0.899184,0.860302,0.926256,0.897121,0.773056
p61,4,0.963173,0.948524,0.809625,1.049981,0.821068,0.81713,0.907401,0.871696,0.855095,0.933384,0.856724,0.792578
EGFR,1,1.012145,1.014743,0.898818,1.052561,0.985824,0.888083,0.835506,0.56748,0.425855,0.380687,0.241171,0.152795
EGFR,2,1.00271,0.945461,0.950029,0.989284,0.93157,0.865256,0.81823,0.566334,0.444118,0.36348,0.230618,0.153552
EGFR,3,1.03136,0.941549,0.881602,1.014079,0.9339,0.909581,0.830638,0.554986,0.470404,0.371789,0.220165,0.167792
EGFR,4,0.953785,0.960435,0.804702,0.924912,0.961362,0.808593,0.822556,0.563146,0.423528,0.333974,0.255427,0.149623
NRAS_Q61K,1,0.955106,1.000485,1.143371,0.990681,0.939976,1.019553,0.760464,0.458162,0.158257,0.148352,0.074782,0.058065
NRAS_Q61K,2,1.014547,1.108551,1.174824,1.048387,0.952603,1.04693,0.757166,0.476499,0.174596,0.163638,0.065668,0.055389
NRAS_Q61K,3,1.040525,1.109144,1.167713,1.043434,0.970638,1.108006,0.800381,0.471845,0.16703,0.160479,0.063999,0.060418
NRAS_Q61K,4,0.989822,1.179269,0.994934,0.996608,0.964095,0.981002,0.803134,0.486526,0.141526,0.165782,0.076916,0.047489
